date,symbol,open,high,low,close,change,volume
2025-08-28,WMT,95.19847396233963,95.76371459886323,94.90097570492934,95.30755615234375,0.031229350592854033,19241600
2025-08-29,WMT,95.29763062906333,96.21986608145436,95.00013995887893,96.1702880859375,0.905208325995388,15600300
2025-09-02,WMT,96.4182014241689,97.03302001953125,95.70421170570151,97.03302001953125,0.8970878124258341,15351300
2025-09-03,WMT,97.03302778760212,98.60975646972656,96.68595152603231,98.60975646972656,1.6249483422013933,18995900
2025-09-04,WMT,99.07583035198164,100.50380229145934,98.81799903783775,100.08731079101562,1.4983855291668569,15640900
2025-09-05,WMT,100.23605511358775,100.63271690887078,98.71883074489759,99.67081451416016,-0.4161329478869935,13748500
2025-09-08,WMT,100.00797220752024,101.50536689228252,99.5815621012248,101.42603302001953,1.7610155133326533,13685700
2025-09-09,WMT,101.14837162139736,101.6342783470665,100.7021318316984,101.43595123291016,0.009778764480183888,11819700
2025-09-10,WMT,101.09879076808632,101.59461614226171,99.5518180216814,99.5716552734375,-1.8379045464777977,17934900
2025-09-11,WMT,100.14680206838533,101.9218577291584,99.44273097931239,101.7929458618164,2.230846300866385,15900800
2025-09-12,WMT,101.68385807004482,103.111837420202,101.50536065127517,102.62592315673828,0.8183055199646461,11641900
2025-09-15,WMT,102.78459759008946,103.11184414010981,102.54660353811761,102.82426452636719,0.19326634394896125,10756900
2025-09-16,WMT,102.98292101789033,103.33991586591112,102.26893132184877,102.55651092529297,-0.260399237774811,14481900
2025-09-17,WMT,102.86393693787875,105.22406302931925,102.86393693787875,103.39942169189453,0.8218988331375465,25382000
2025-09-18,WMT,102.91351330621639,103.76633355383453,101.26737700046856,102.73501586914062,-0.6425624165807053,14869400
2025-09-19,WMT,102.94326297245324,103.0721824132953,101.23762245477725,101.47562408447266,-1.2258642041503398,34791600
2025-09-22,WMT,101.59461147967812,102.3383495068081,101.06903781768403,101.9615249633789,0.47883507324060215,12861900
2025-09-23,WMT,101.55496498111806,101.82270737591473,100.4839802705406,101.6640396118164,-0.29176236003664036,13158700
2025-09-24,WMT,102.1796932441854,102.606103365375,101.62437125033651,101.87228393554688,0.20483577529046837,11391800
2025-09-25,WMT,102.35819215489026,102.64577178176096,101.72353627686351,102.18961334228516,0.3114972929624704,13366700
2025-09-26,WMT,102.02102985081625,102.62593743381704,101.61445696387025,102.29869842529297,0.10674772067336136,11859300
2025-09-29,WMT,102.18961966697317,102.44744343196348,101.22771716445344,102.21936798095703,-0.07754785305882361,15477200
2025-09-30,WMT,102.14002730177343,103.07218142826827,101.86236630214387,102.19952392578125,-0.019413204726015376,13873400
2025-10-01,WMT,101.7036925151355,102.0011907489098,99.71048007220848,101.10870361328125,-1.0673438295976445,16142800
2025-10-02,WMT,100.60297078351758,101.28721225755886,99.036168267113,100.85088348388672,-0.25499301264967356,15605400
2025-10-03,WMT,100.6128811517826,101.96152673635164,100.35504984616642,101.21778869628906,0.3638096164630733,11867500
2025-10-06,WMT,101.02936841364395,102.20943514221794,100.73187774947603,101.84252166748047,0.6172165774792404,13303600
2025-10-07,WMT,101.52520099057331,102.387939866122,100.1071401164341,102.37802124023438,0.5258113840723055,15538900
2025-10-08,WMT,102.1598562843055,102.3978579100873,101.29712497935449,102.04086303710938,-0.3293267432214253,13584100
2025-10-09,WMT,102.26894137021094,102.58626931455332,99.53199068739345,100.92029571533203,-1.0981554726461118,19508000
2025-10-10,WMT,101.19795361530831,102.7647559195764,100.6723724065026,100.98970031738281,0.06877169905106228,18519400
2025-10-13,WMT,100.52363410690805,101.59461111217333,100.22613587085442,101.26737213134766,0.27495062673936754,10871200
2025-10-14,WMT,103.18125299736761,107.01893616482,102.03093461363395,106.31486511230469,4.984323059563778,30859500
2025-10-15,WMT,106.4239604021063,108.645256009938,106.40413071559935,108.11968231201172,1.6976150962525693,21416300
2025-10-16,WMT,108.28826477514068,108.66509692272169,104.77782758664273,105.58106231689453,-2.347972118333863,16366200
2025-10-17,WMT,106.27520633823076,107.29660537404432,105.33314117615089,106.83053588867188,1.183425838269292,13735600
2025-10-20,WMT,106.94952788401137,107.34618968235065,105.71988311828468,106.15621185302734,-0.6312090733563758,10581200
2025-10-21,WMT,106.43387809258782,106.58262722001473,105.29347820324139,105.33314514160156,-0.7753354203758778,10899700
2025-10-22,WMT,105.66039020060624,106.87019775769554,104.77782164035123,106.2454605102539,0.8661237328724036,12296500
2025-10-23,WMT,106.45371072346444,106.67187510763242,104.89681928681449,105.96780395507812,-0.26133498207105976,11408200
2025-10-24,WMT,106.17604122939089,106.27520478726349,104.62906854263365,105.28355407714844,-0.6457148797947676,10318000
2025-10-27,WMT,105.45212973323198,105.47196698363085,103.28041988760096,103.59774780273438,-1.601205705098785,16375900
2025-10-28,WMT,103.1911699012466,103.27050377338249,102.18960813688516,102.30860137939453,-1.2443768814304423,13323000
2025-10-29,WMT,102.05078535407756,102.80443449922815,101.25746170416691,101.60453796386719,-0.6881761709520817,11986400
2025-10-30,WMT,101.34670133734312,102.50693843859625,101.1087072811068,101.37645721435547,-0.22447890033496787,14065100
2025-10-31,WMT,100.85087538335762,101.24753718522666,99.34356961508874,100.33522033691406,-1.0270992950954683,20237000
2025-11-03,WMT,99.97822306298148,100.9500440758614,99.56173158561626,100.74179077148438,0.40521208126627073,14811700
2025-11-04,WMT,101.27729193190166,101.76320626377296,100.61288772182671,101.41612243652344,0.6693663671004879,12636400
2025-11-05,WMT,100.89054510776005,101.82269923305391,100.00797654620536,100.622802734375,-0.7822421949182479,13356800
2025-11-06,WMT,100.49388187397508,101.0789597419063,99.19482183188099,100.83104705810547,0.20695539984132427,14866000
2025-11-07,WMT,101.27728578839559,102.11027633129191,100.88063155107741,101.73344421386719,0.8949596201670795,17248700
2025-11-10,WMT,101.29713035560299,101.81278544077524,100.75171939135767,101.56487274169922,-0.16569916950180952,14507600
2025-11-11,WMT,101.6442008637206,102.87384566309207,101.46570342786872,102.57635498046875,0.9958977070172015,13182100
2025-11-12,WMT,102.48710247969544,102.7350151647289,101.8028686136755,102.57635498046875,0.0,12084400
2025-11-13,WMT,102.72509715214237,103.06226233996183,101.16820578346626,101.68386840820312,-0.8700704684189264,18088500
2025-11-14,WMT,99.363404275502,101.6342854500628,98.054425559783,101.62437438964844,-0.058508807233659255,23424200
2025-11-17,WMT,101.72353291753727,102.4573523337042,101.2475372418891,102.09043884277344,0.4586148312589078,15289400
2025-11-18,WMT,102.12020096927908,102.47718829074422,100.53355366381376,100.54347229003906,-1.5152903349909375,17604500
2025-11-19,WMT,100.73187610797551,100.86078797044482,98.84773833617163,99.76997375488281,-0.76931750767959,22157000
2025-11-20,WMT,103.07218240777652,107.00903713519567,101.82270033187463,106.21571350097656,6.460600823580243,50375900
2025-11-21,WMT,107.07844542131552,107.24702422377177,103.84566203582295,104.4406509399414,-1.6711864022067147,41420800
2025-11-24,WMT,104.48031867901742,105.38271688463539,102.89367906727003,103.19116973876953,-1.1963552409208877,42519200
2025-11-25,WMT,103.7365763126644,106.52311225066933,103.35975178491562,106.10662078857422,2.8252912116271345,20212900
2025-11-26,WMT,106.30496411522687,108.67500895277159,106.27521580135151,108.18910217285156,1.9626309544122256,17783300
2025-11-28,WMT,108.38742955512716,109.77573454685668,108.0899313050738,109.58732604980469,1.2923888348007617,9846500
2025-12-01,WMT,109.587335399739,110.82689893789555,109.43858626202113,110.59881591796875,0.9229989494445423,17236800
2025-12-02,WMT,110.53930435924309,111.70945248384542,109.86498158293507,111.4714584350586,0.7890161480002433,18711800
2025-12-03,WMT,111.56070876612803,113.9307534404373,111.2830477681546,113.45476531982422,1.7792060071781135,24478300
2025-12-04,WMT,112.67136458124708,113.93075774555678,112.21520612938312,113.88117218017578,0.3758386517741519,25905100
2025-12-05,WMT,113.7720935914494,115.29922908481308,113.72250802779567,114.14891815185547,0.23510995413367208,23956400
2025-12-08,WMT,113.61342390958818,114.02991540070049,111.36238007988572,112.61185455322266,-1.3465424145220672,22700700
2025-12-09,WMT,112.9985942054707,114.75382018074308,112.0763587521143,114.09932708740234,1.320884501974584,24326700
2025-12-10,WMT,114.38691141934537,115.2595689131506,112.04661506618633,112.23503112792969,-1.6339237110877702,22859600
2025-12-11,WMT,112.19536258121082,114.90257239322634,111.90778296266743,114.55548858642578,2.06749838724698,21586600
2025-12-12,WMT,114.53064990474235,116.20995062110511,114.29216313914,115.96153259277344,1.2273912177388713,19092400
2025-12-15,WMT,116.19008548018503,116.70679166550624,114.90824748947732,116.05097198486328,0.07712850122800763,18713700
2025-12-16,WMT,115.84229954829863,116.1403966407218,114.22260911311066,114.68963623046875,-1.173049851380903,19642300
2025-12-17,WMT,114.47103521690063,115.6535075692186,114.34186055918953,114.92813110351562,0.20794805955057782,16177800
2025-12-18,WMT,114.28223959161684,115.74293890979763,113.8847692032296,114.10337829589844,-0.7176248318824019,21476700
2025-12-19,WMT,114.41141563622197,114.55052913668048,112.81160279983192,113.6363525390625,-0.4093005516671244,50043800
2025-12-22,WMT,113.28856304881552,113.5965989869235,111.50988900463958,111.88748168945312,-1.5390064979498574,21473900
2025-12-23,WMT,111.28134888893865,111.63907149171516,109.99951082584239,110.19824981689453,-1.5097594896693711,20319900
2025-12-24,WMT,110.19824125270196,111.00311325583881,109.85045752178584,110.90374755859375,0.640207755451172,9009600
2025-12-26,WMT,111.01305835867431,111.26147640635087,110.65533576353072,111.03292846679688,0.11648020111751922,9003800
2025-12-29,WMT,110.88387782930283,112.06635018040782,110.86400772087431,111.81793212890625,0.7070007726078575,12979600
2025-12-30,WMT,111.18197541149836,111.97691615789977,111.13228877192947,111.21178436279297,-0.5420845785401363,11730600
2025-12-31,WMT,111.02299187235701,111.53969805102224,110.6155826547936,110.70501708984375,-0.4556776746752367,11487400
2026-01-02,WMT,110.72489243926468,112.07628722420678,110.41685648631017,112.04647827148438,1.2117438006914893,14306600
2026-01-05,WMT,112.106092568778,113.01033787154626,111.44033404234767,111.99678802490234,-0.04434788790205202,19557600
2026-01-06,WMT,111.6887515152225,114.06362735444141,111.28134229354983,113.61647033691406,1.446186395677329,20120800
2026-01-07,WMT,113.46742844073054,114.00401232662693,111.3906496463658,112.00672912597656,-1.4168202956525877,23306000
2026-01-08,WMT,110.58577977699265,112.75198547093393,109.11514158890155,112.3545150756836,0.3105045138099394,24058300
2026-01-09,WMT,111.5496424227033,114.72939040539957,111.5496424227033,113.8052749633789,1.291234167775146,21902900
2026-01-12,WMT,116.75648359482942,118.08800070497459,115.67338453488601,117.2235107421875,3.0035829006243686,49182100
2026-01-13,WMT,117.14401708234668,119.74744102068244,116.98503346977147,119.598388671875,2.0259399455375693,31222100
2026-01-14,WMT,119.4294631115365,120.4728143638468,118.27679973056455,119.28041076660156,-0.2658713957642278,32764000
2026-01-15,WMT,119.22079517981746,120.10516284088327,117.97870491639725,118.44572448730469,-0.6997681127457911,34559400
2026-01-16,WMT,117.91907714432112,119.83686477713616,116.1602807010803,118.94255828857422,0.41946115270947715,415144600
2026-01-20,WMT,120.12502982400424,120.8504138546603,116.86578627056709,117.95882415771484,-0.8270665647468922,45334000
2026-01-21,WMT,117.3328142471995,119.72756028766449,116.80616919843453,118.6047134399414,0.5475548665718977,34811700
2026-01-22,WMT,118.53515685486666,118.76369721391231,116.90553506425638,117.08439636230469,-1.2818352943507305,24547300
2026-01-23,WMT,117.4222340816893,117.85945224596018,116.39875299816131,116.98502349853516,-0.08487284971947506,20806900
2026-01-26,WMT,117.06452182318199,118.09794184181264,116.64718131021117,116.89559936523438,-0.07644066789618265,19552200
2026-01-27,WMT,116.75648146215053,116.88565611669372,114.74926698887573,116.20002746582031,-0.5950368561273067,22968600
2026-01-28,WMT,115.9019236934497,116.71673458641514,115.13679944245614,115.83236694335938,-0.31640312870758747,16342000
2026-01-29,WMT,115.71312126722275,116.91547126537773,115.33552857148821,116.66705322265625,0.7205984832417522,16381100
2026-01-30,WMT,116.17022357989663,118.65440414488165,115.86218003467862,118.3861083984375,1.4734709828493564,22215400
2026-02-02,WMT,118.74382084218284,123.41407687214833,118.29667141120711,123.27496337890625,4.1295850050370175,31210100
2026-02-03,WMT,122.86757156808676,127.35896666858129,122.86757156808676,126.9018783569336,2.9421342976833076,32018700
2026-02-04,WMT,127.31922282526648,128.59112201817152,126.28579525463465,127.1900405883789,0.22707483543686902,27531800
2026-02-05,WMT,127.76637104032507,128.77992091186104,125.75914898632793,126.13674926757812,-0.8281240543113855,30517800
2026-02-06,WMT,126.48453780231957,130.86662835064288,126.24605859221587,130.34991455078125,3.3401568596520548,26593400
2026-02-09,WMT,130.58840535909283,130.9560592399128,127.27947494500727,128.20359802246094,-1.6465806945229366,27197300
2026-02-10,WMT,128.12409316288472,128.5215559695187,125.59022607444933,125.89826202392578,-1.7981835409418556,24662000
2026-02-11,WMT,125.8982534995816,128.9190252095116,125.82869675501851,127.95516204833984,1.633779522725387,19232100
2026-02-12,WMT,128.56130425130252,133.63896941128445,128.49173992475252,132.79434204101562,3.7819341675700446,33382700
2026-02-13,WMT,131.86029804059163,133.79795580009971,130.9163124820861,133.0427703857422,0.18707750714999083,24131200
2026-02-17,WMT,132.2677060470971,133.83770992949184,127.34903173050178,128.03466796875,-3.7642800149694455,37995900
2026-02-18,WMT,127.31922616382269,128.05453390142543,124.97415154137549,125.81877899169922,-1.7306945159506482,36485000
2026-02-19,WMT,127.68687656798352,129.2767581387821,123.61282210032576,124.07984924316406,-1.3820907836419871,42993300
2026-02-20,WMT,122.2216774308809,122.69864341020512,120.28401972356986,122.21173858642578,-1.5055713463007825,35151000
2026-02-23,WMT,122.73839044173981,125.9976417223621,122.1819364192246,125.01390075683594,2.2928748112265085,25662800
2026-02-24,WMT,125.1033248323272,127.22977503945066,124.1195915294407,125.94794464111328,0.7471520195935222,20161200
2026-02-25,WMT,125.80883572262361,126.59383765709305,124.62636339864703,124.95427703857422,-0.78895102684724,17345700
2026-02-26,WMT,125.1828241808018,126.52428010338534,123.15573203020392,123.6326904296875,-1.0576561604839996,18638300
2026-02-27,WMT,124.7257266802137,127.7862463456887,124.35807283147619,127.14035034179688,2.8371621614950326,29205500
2026-03-02,WMT,126.6534531765271,127.93529117845694,126.24605153126585,126.29573059082031,-0.6643207673299067,17091500
2026-03-03,WMT,125.71939755733719,127.55768952555978,124.87477774286918,127.1006088256836,0.6372964716210072,16480400
2026-03-04,WMT,126.30566848445152,127.35895854492821,125.44117097864785,127.00123596191406,-0.07818441208713445,16434100
2026-03-05,WMT,124.58660988390555,124.88471455763423,120.88021705605856,122.52970886230469,-3.520853215121722,28604900
2026-03-06,WMT,121.72484752612267,123.40415601182839,120.85041869758626,123.0166244506836,0.3973857384465651,21553000
2026-03-09,WMT,122.90731130268519,123.72212216670478,121.7248390120394,123.55319213867188,0.43617494008167945,19375900
2026-03-10,WMT,123.42401703226977,125.30205679217917,122.56945837546142,124.32826232910156,0.6273170097942815,18793600
2026-03-11,WMT,124.51706314970588,124.69592445210162,122.27136939654707,122.70858001708984,-1.3027466817837063,18176500
2026-03-12,WMT,121.52610846065774,124.59655180269601,121.50623077198969,124.53693389892578,1.4899967725005903,21751600
2026-03-13,WMT,124.59654412433483,125.88832088794078,124.17920366142822,125.71939086914062,0.9494829631621737,15194100
2026-03-16,WMT,125.95788080583034,126.176489886514,124.04009329953726,125.1927490234375,-0.41890263869580613,20463200
2026-03-17,WMT,125.84857814131549,126.38516200705068,124.06990409965162,124.28851318359375,-0.7222749295763609,19895000
2026-03-18,WMT,123.54325787458829,123.82148485830739,121.05907754692964,121.2081298828125,-2.4784135089226167,19734900
2026-03-19,WMT,121.62547670106409,121.9732604488496,118.51527791672632,120.32376098632812,-0.7296283651430091,17927700
2026-03-20,WMT,120.11267095203482,120.77980340519143,117.51386342792303,118.50957489013672,-1.5077538146414327,57545600
2026-03-23,WMT,119.96332476326309,120.6105311603868,118.53945701557436,120.2022933959961,1.4283390244447247,22181500
2026-03-24,WMT,120.11267237339288,123.57775164543796,119.97327337476743,121.5265884399414,1.101721944341394,17269600
2026-03-25,WMT,122.28332158646774,122.96040568100192,121.25774000136643,122.5322494506836,0.8275234445828117,16597300
2026-03-26,WMT,123.07989646568718,123.26908407753929,121.26770187867585,121.6560287475586,-0.7150939504115272,16442500
2026-03-27,WMT,121.50667121934119,123.73706281720824,121.2975727192295,122.36298370361328,0.5811096772866398,16543300
2026-03-30,WMT,123.17946593024719,124.72282175854535,122.61191069212204,122.97036743164062,0.49637865116016755,20428900
2026-03-31,WMT,122.90067127683216,124.46393803468071,122.31319753903699,123.74702453613281,0.631580697621259,21330400
2026-04-01,WMT,123.26908398407669,124.69295170112571,122.60195152051088,124.20504760742188,0.3701285529942755,17039700
2026-04-02,WMT,124.61329457014496,125.36007818810826,123.61758307952722,125.25054931640625,0.8417546058908432,11898400
2026-04-06,WMT,125.27046098723343,126.43544921201666,124.83235309436085,126.24626159667969,0.7949763779143915,10850400
2026-04-07,WMT,125.64883587786862,125.81810500867212,121.26770378426845,121.9646987915039,-3.3914372996280417,16076000
2026-04-08,WMT,121.75560200398522,126.75407802915461,120.80967910989078,126.71424865722656,3.8942004635635685,20194300
2026-04-09,WMT,126.5449729094413,129.13382892812444,126.27613414268549,128.57623291015625,1.4694355786037283,13853100
2026-04-10,WMT,128.16798319572484,128.3770740986961,125.67870449039047,126.2263412475586,-1.827625222337681,13894000
2026-04-13,WMT,125.7484068642315,125.75836610634965,123.41843799251608,124.03578186035156,-1.7354217555199836,14510600
2026-04-14,WMT,122.62186441060769,124.6630682888762,122.02443907054557,124.51371765136719,0.3853209000236113,15320800
2026-04-15,WMT,124.09551297917481,124.53362843999257,122.6517344420986,124.22496032714844,-0.23190804167236845,17001400
2026-04-16,WMT,123.79680202016537,125.39989800566107,123.43834530311818,124.28469848632812,0.048088692499770325,18324500
2026-04-17,WMT,124.03578154691039,127.02291605403354,122.84093078273148,126.95321655273438,2.1471010501745713,24763700
2026-04-20,WMT,127.32162554080053,128.91476233764277,126.77398120594438,127.37140655517578,0.32940481052536885,18933600
2026-04-21,WMT,127.28179126346117,129.21347382827898,126.93329378957013,129.04420471191406,1.3133231405540347,17312400
2026-04-22,WMT,129.44249538849513,129.89056252616956,128.28746639862413,129.42257690429688,0.2932113016834048,17624500
2026-04-23,WMT,130.01006058126703,131.89195474809972,129.93040183639,131.4637908935547,1.577169948306012,16376000
2026-04-24,WMT,131.3741802679442,131.5534010485827,128.72558398059354,129.3628387451172,-1.5981222921972682,16016300
2026-04-27,WMT,129.0641091249569,129.25329672529196,126.85363615844955,127.04281616210938,-1.7934227522472201,17029500
2026-04-28,WMT,128.7853111434159,129.2134749536506,126.236292344555,127.04281616210938,0.0,16341800
2026-04-29,WMT,126.13673092490012,127.53072851993346,125.37003642580345,127.46102142333984,0.329184501622537,16538800
2026-04-30,WMT,127.47097677790696,131.86205247381216,127.40126968759333,131.36419677734375,3.062250176891479,19867700
2026-05-01,WMT,131.35424902710434,132.79802755099445,130.41827785906025,131.03562927246094,-0.2501195249111299,10480900
2026-05-04,WMT,129.85073112523145,131.184980793923,129.12385084272057,129.7710723876953,-0.9650481260606192,10340700
2026-05-05,WMT,129.95029746503022,131.16506666440955,129.74120656624018,130.22909545898438,0.3529469725893186,10637300
2026-05-06,WMT,130.29880952835424,130.58755918277944,128.9745113895137,129.52215576171875,-0.5428431294666192,16371500
2026-05-07,WMT,129.34291559643376,130.03992578938778,128.11819472617847,129.64163208007812,0.09224392356406153,14935400
2026-05-08,WMT,130.00876182540105,131.09615490642528,129.93892170087017,130.1184844970703,0.3678235219205295,15183700
2026-05-11,WMT,129.86908129064437,130.28809159221544,126.078161470576,127.28527069091797,-2.1774107015641864,18699200
2026-05-12,WMT,127.77411337890135,130.80684636812944,127.41497254390816,130.0386962890625,2.1631926327364104,17935400
2026-05-13,WMT,128.88145249754132,132.21347178099205,128.46245742797677,131.156005859375,0.8592131436236716,13786600
2026-05-14,WMT,131.04626733311213,132.4628740535408,130.5474615066649,132.14364624023438,0.7530271865082039,14200400
2026-05-15,WMT,133.370718441355,133.6300920185431,130.47763520803812,131.1360626220703,-0.7624911577907345,25323000
2026-05-18,WMT,131.20589996372777,133.15123980716794,130.81683199503976,133.02154541015625,1.43780646634164,17183200
2026-05-19,WMT,132.62250083152645,134.83720000658067,131.7445976710087,133.87948608398438,0.6449636945524695,16957100
2026-05-20,WMT,132.59256841371314,133.3307912944098,130.01872852306576,130.53749084472656,-2.496271338509126,28471600
2026-05-21,WMT,124.11287667694504,125.49955634698999,120.10247333459152,121.05020141601562,-7.2678656279643095,53006600
2026-05-22,WMT,121.05020179855521,121.65874555336691,118.62601263875648,119.98275756835938,-0.8818191421158805,30330600
2026-05-26,WMT,120.40175901085303,120.7608998332451,117.63837032806804,118.28681945800781,-1.4134848579266168,28796600
2026-05-27,WMT,118.04739180401025,119.14476312868733,117.7580835037564,118.25688934326172,-0.02530300069207847,22062200
2026-05-28,WMT,118.67588972926788,118.88538727788863,117.04978535977911,118.61603546142578,0.30369995368437763,21613100
2026-05-29,WMT,117.82792078519188,118.79560537078089,114.4360394170558,115.47355651855469,-2.6492867769914885,42191000
2026-06-01,WMT,114.45599596944092,115.70301061927668,113.28878447270287,114.32630157470703,-0.9935217883960346,26176200
2026-06-02,WMT,113.59804869184103,114.2963738476551,112.46077194598762,112.78997802734375,-1.343805866368697,27366400
2026-06-03,WMT,112.82988291877398,117.00987842073164,112.69021788821831,116.61083221435547,3.3875830582087874,32880600
2026-06-04,WMT,119.613646228699,119.6535516106658,117.00987904195799,117.45880126953125,0.7271786326136898,22870400
2026-06-05,WMT,118.06734397851143,120.60127862714496,117.8179410518094,118.59607696533203,0.9682336985468609,36638100
2026-06-08,WMT,117.96758725033519,119.89297819658464,117.86782759941948,119.54381561279297,0.7991315326037141,19514100
2026-06-09,WMT,120.09249452554428,120.21221067038364,117.71818140336323,118.59607696533203,-0.7927960493838482,23959000
2026-06-10,WMT,119.42409874531984,120.53144836950996,117.2493048793001,120.30199432373047,1.4384264657397727,22414900
2026-06-11,WMT,120.28204412446155,121.56896414963192,119.17469451236548,120.21221160888672,-0.0746311109374842,22438000
2026-06-12,WMT,120.30199331731838,121.31956153106478,119.2445273327187,120.75092315673828,0.4481337965932086,14753500
2026-06-15,WMT,119.45402587409166,121.19984639362677,118.29680023038142,120.53144836425781,-0.18175827293310798,20722500
2026-06-16,WMT,120.85068180556274,122.64638592602697,119.59368892123778,120.7409439086914,0.1738098623028872,23060700
2026-06-17,WMT,119.29441143534011,120.72099650095431,117.16949359825468,117.84786987304688,-2.3961002307820056,21711100
2026-06-18,WMT,117.91769943609961,118.19703710439678,116.52104915047984,116.90013885498047,-0.8041986835123582,36526800
2026-06-22,WMT,116.68066306404786,118.11722634202617,116.67068481595824,116.90013885498047,0.0,17053900
2026-06-23,WMT,119.42409682225845,119.96280805869026,116.06214262146445,119.1347885131836,1.9115885405194488,23411400
2026-06-24,WMT,119.27444989955788,120.11244766768499,118.64595728184237,118.71578979492188,-0.35170139930651434,20600100
2026-06-25,WMT,117.18944517738683,118.29679475023023,115.10443280997809,115.50347900390625,-2.705883350955085,20384700
2026-06-26,WMT,117.00988117029624,117.5984684398727,114.81513078924051,115.41370391845703,-0.0777250055352674,36636000
2026-06-29,WMT,116.19183823088373,116.521051925122,113.92725536452491,114.32630157470703,-0.9421778409592352,20367000
2026-06-30,WMT,113.69780533850943,114.33627621015661,112.66028826928947,112.989501953125,-1.1692844106467426,23034000
2026-07-01,WMT,109.86697325528867,110.4455898652017,106.99385431305828,108.56010437011719,-3.92018506714491,40391400
2026-07-02,WMT,109.06889129541543,112.18143499412129,108.89929912950869,111.57289123535156,2.775224731695891,29512200
2026-07-06,WMT,111.13394332246972,112.10162787550183,109.10879281804488,110.38573455810547,-1.064018924401544,29523300
2026-07-07,WMT,112.70019805055621,113.22893104823599,111.03418829265145,111.27361297607422,0.8043416312108587,19941400
2026-07-08,WMT,112.879763389333,113.58806677051842,111.54295977706508,112.82987976074219,1.3985946380680403,19892000
2026-07-09,WMT,110.9743243964893,112.49069845667856,110.77480509912543,111.94200897216797,-0.7869110473723517,20464500
2026-07-10,WMT,111.68262805970767,113.88735663998979,111.66267917439362,113.62797546386719,1.5061070523742393,12461700
2026-07-13,WMT,114.4559909872762,115.26405400962003,113.7377093624492,114.50586700439453,0.7726015859593538,17043400
2026-07-14,WMT,114.80515288534225,115.60323765516023,113.22892461903017,113.4284439086914,-0.9409326560199549,14682000
2026-07-15,WMT,112.9795273843265,114.4559960800755,111.80234524929674,112.26124572753906,-1.0290171855764196,16467900
2026-07-16,WMT,113.4883080789502,115.31393168866141,113.28878117408205,114.67546081542969,2.1505329575176813,20777600
2026-07-17,WMT,116.68066042641807,117.80795887752032,113.32868459435743,113.96715545654297,-0.6176607914632593,28289800
2026-07-20,WMT,113.68782844769808,114.12678003138565,111.87217545768125,111.9320297241211,-1.7857124925767742,17738900
2026-07-21,WMT,111.24368590747915,111.53299422190634,109.62755216828454,110.12635803222656,-1.6131858739138139,22717000
2026-07-22,WMT,109.26840509292803,109.73728379602602,108.4603420750963,109.06888580322266,-0.9602353586363521,23494800
2026-07-23,WMT,107.25323944858002,108.30072720057487,106.5349577836844,108.14111328125,-0.8506298704164861,21516800
2026-07-24,WMT,107.86178281776185,109.33824391357957,107.7520449187408,109.20855712890625,0.9870842043951278,18405900
2026-07-27,WMT,109.6574762821653,112.24129454403212,109.62754914894079,111.47312927246094,2.073621521142943,19008700
2026-07-28,WMT,113.68782641652693,115.75288229471273,112.57049859218158,112.82987976074219,1.2171098964711913,24867900
2026-07-29,WMT,112.95957874459346,114.41609094683764,112.18143520726511,113.94721221923828,0.9902806427388056,23480000
2026-07-30,WMT,111.34343984797607,112.76004660224154,110.1762360128914,110.83465576171875,-2.7315775409501586,28747000
2026-07-31,WMT,110.25604146581917,111.64272872771201,109.62754883637642,110.93441772460938,0.09000971961792281,22799100
2026-08-03,WMT,112.82987844246247,113.01942709548517,109.89690530598047,110.44558715820312,-0.44064824644390876,23942500
2026-08-04,WMT,108.7496500450106,111.41327137152663,108.30072022776788,111.28358459472656,0.7587423437054985,29620000
2026-08-05,WMT,112.18143131502696,112.88974231161649,111.09403822804457,112.07169342041016,0.7081986337461599,21446300
2026-08-06,WMT,113.79756871801911,114.2863963302149,110.77480642096445,111.8023452758789,-0.2403355711962485,23203100
2026-08-07,WMT,110.3458340692701,112.02182208019414,110.23609617007118,111.58287048339844,-0.19630607205859407,18819300
2026-08-10,WMT,110.8147094920761,112.43083557535391,110.49547405243835,112.39093780517578,0.7241858165833559,19144000
2026-08-11,WMT,112.17146067312872,113.06930510370103,111.92205775104237,112.989501953125,0.532573319200158,17005800
2026-08-12,WMT,112.10162714074723,115.77283842494558,112.011838131802,115.7329330444336,2.428040697485989,22054700
2026-08-13,WMT,115.89254862146954,116.04219189774759,114.53579610924879,115.4436264038086,-0.24997780062648856,16822200
2026-08-14,WMT,115.38377313696229,116.17187968391663,114.36620493839823,114.99469757080078,-0.3888727745241738,14520000
2026-08-17,WMT,114.05694580078125,114.90491421100516,113.64792135646756,114.05694580078125,-0.815473921692933,18131100
2026-08-18,WMT,116.02224469044766,116.03221532748336,114.2065916862473,114.92486572265625,0.7609531500089028,20675000
2026-08-19,WMT,114.91489714259141,116.59088514655902,113.71775850480114,114.02702331542969,-0.7812429464945314,34286600
2026-08-20,WMT,106.12592986973321,106.74445186354434,102.60436178772362,103.59199523925781,-9.151364100162251,83633100
2026-08-21,WMT,103.69000244140625,104.27999877929688,102.1500015258789,103.69999694824219,0.10425680935570725,44454200
2026-08-24,WMT,104.13999938964844,106.5999984741211,104.0,106.48999786376953,2.690454192510594,35616300
2026-08-25,WMT,105.58000183105469,106.06999969482422,104.4000015258789,105.37999725341797,-1.0423519885609966,27032500
2026-08-26,WMT,105.51000213623047,106.08999633789062,104.07499694824219,104.33999633789062,-0.9869054304740055,28200356
